{"cameraMode":{"drawMode":0,"name":"Shaded","section":"Shading Mode"},"sceneLighting":true,"audioPlay":false,"sceneViewState":{"showFog":true,"showMaterialUpdate":false,"showSkybox":true,"showFlares":true,"showImageEffects":true,"showParticleSystems":true},"in2DMode":false,"pivot":{"x":-2.1700003147125246,"y":0.4999997019767761,"z":0.21000051498413087},"rotation":{"x":-0.0882171094417572,"y":0.9041228294372559,"z":-0.22730925679206849,"w":-0.3508824110031128},"size":11.681137084960938,"orthographic":false}