{"cameraMode":{"drawMode":0,"name":"Shaded","section":"Shading Mode"},"sceneLighting":false,"audioPlay":false,"sceneViewState":{"showFog":true,"showMaterialUpdate":false,"showSkybox":false,"showFlares":true,"showImageEffects":true,"showParticleSystems":true},"in2DMode":false,"pivot":{"x":0.0437169075012207,"y":0.06333059072494507,"z":-2.384185791015625e-7},"rotation":{"x":0.3507920503616333,"y":-0.5200729370117188,"z":0.24698671698570252,"w":0.7385796308517456},"size":8.122352600097657,"orthographic":true}