{"cameraMode":{"drawMode":0,"name":"Shaded","section":"Shading Mode"},"sceneLighting":false,"audioPlay":false,"sceneViewState":{"showFog":true,"showMaterialUpdate":false,"showSkybox":false,"showFlares":true,"showImageEffects":true,"showParticleSystems":true},"in2DMode":false,"pivot":{"x":-0.03447151184082031,"y":0.01621684432029724,"z":0.0},"rotation":{"x":0.12348626554012299,"y":0.8604786992073059,"z":-0.24873670935630799,"w":0.42717528343200686},"size":9.220232009887696,"orthographic":true}