{"cameraMode":{"drawMode":0,"name":"Shaded","section":"Shading Mode"},"sceneLighting":true,"audioPlay":false,"sceneViewState":{"showFog":true,"showMaterialUpdate":false,"showSkybox":true,"showFlares":true,"showImageEffects":true,"showParticleSystems":true},"in2DMode":false,"pivot":{"x":74.01929473876953,"y":6.271984100341797,"z":-19.490447998046876},"rotation":{"x":0.07517364621162415,"y":0.7179427146911621,"z":-0.07849303632974625,"w":0.6875768303871155},"size":206.93629455566407,"orthographic":false}