{"cameraMode":{"drawMode":0,"name":"Shaded","section":"Shading Mode"},"sceneLighting":false,"audioPlay":false,"sceneViewState":{"showFog":true,"showMaterialUpdate":false,"showSkybox":false,"showFlares":true,"showImageEffects":true,"showParticleSystems":true},"in2DMode":false,"pivot":{"x":9.06098461151123,"y":6.392232894897461,"z":-19.67861557006836},"rotation":{"x":0.06333012133836746,"y":0.9354985356330872,"z":-0.2689058184623718,"w":0.22032129764556886},"size":1.9559059143066407,"orthographic":false}