{"cameraMode":{"drawMode":0,"name":"Shaded","section":"Shading Mode"},"sceneLighting":false,"audioPlay":false,"sceneViewState":{"showFog":true,"showMaterialUpdate":false,"showSkybox":false,"showFlares":true,"showImageEffects":true,"showParticleSystems":true},"in2DMode":false,"pivot":{"x":-3.7500011920928957,"y":7.106179964466719e-7,"z":-3.7500038146972658},"rotation":{"x":0.10090135782957077,"y":0.7807856202125549,"z":-0.13072963058948518,"w":0.6025950312614441},"size":17.500892639160158,"orthographic":true}